produto;departamento;variante;sku;caixa/peso;origem do dado;preco (R$)
Rosca de Côco;petit-four;;972;Caixa 2 kg;Amanteigados;
Rosca de Flocos;petit-four;;973;Caixa 2 kg;Amanteigados;
Rosca de Leite;petit-four;;974;Caixa 2 kg;Amanteigados;
Rosca Nata;petit-four;;976;Caixa 2 kg;Amanteigados;
Rosca de Milho com Erva Doce;petit-four;;975;Caixa 2 kg;Amanteigados;
Colorado;petit-four;;924;Caixa 2 kg;Amanteigados;
Bambolê;petit-four;;903;Caixa 2 kg;Amanteigados;
Girassol;petit-four;;901;Caixa 2 kg;Amanteigados;
Cookies de Chocolate com Linhaça;petit-four;;926;Caixa 2 kg;Amanteigados;
Cookies de Castanha de Caju com Linhaça;petit-four;;925;Caixa 2 kg;Amanteigados;
Palmier;petit-four;;955;Caixa 2 kg;Amanteigados;
Palmier com Canela;petit-four;;956;Caixa 2 kg;Amanteigados;
Champanhota de Canela;petit-four;;920;Caixa 2 kg;Amanteigados;
Champanhota de Côco;petit-four;;921;Caixa 2 kg;Amanteigados;
Beliscão;petit-four;;910;Caixa 2 kg;Amanteigados Recheados;
Gravatinha;petit-four;;932;Caixa 2 kg;Amanteigados Recheados;
Uga-uga;petit-four;;993;Caixa 2 kg;Amanteigados Recheados;
Bambolê Recheado;petit-four;;904;Caixa 2 kg;Amanteigados Recheados;
Florzinha Goiabinha;petit-four;;931;Caixa 2 kg;Amanteigados Recheados;
Beijinho de Freira;petit-four;;909;Caixa 2 kg;Amanteigados Recheados;
Casadinho;petit-four;;917;Caixa 2 kg;Amanteigados Recheados;
Coração;petit-four;;927;Caixa 2 kg;Amanteigados Recheados;
Choconata;petit-four;;923;Caixa 2 kg;Amanteigados Recheados;
Romeu e Julieta;petit-four;;970;Caixa 2 kg;Amanteigados Recheados;
Biscoito de Polvilho;petit-four;Bolinha Tradicional;959, 965;Caixa 2 kg (por variante);Salgados;
Biscoito de Polvilho;petit-four;Bolinha de Queijo;959, 965;Caixa 2 kg (por variante);Salgados;
Biscoito de Polvilho (cód. 961/960);petit-four;Argola Tradicional;961, 960;Caixa 2 kg (por variante);Salgados;
Biscoito de Polvilho (cód. 961/960);petit-four;Argola Doce;961, 960;Caixa 2 kg (por variante);Salgados;
Biscoito de Polvilho Palito Palito Tradicional Palito Queijo;petit-four;;962, 966;Caixa 2 kg;Salgados;
Biscoito Papa Ovo;petit-four;;958;Caixa 4 kg;Salgados;
Biscoito de Polvilho Parmesão com Chia;petit-four;;964;Caixa 2 kg;Salgados;
Biscoito de Polvilho Tradicional com Chia;petit-four;;963;Caixa 2 kg;Salgados;
Torradinha de Queijo;petit-four;;990;Caixa 2 kg;Salgados;
Torradinha de Alho;petit-four;;988;Caixa 2 kg;Salgados;
Torradinha de Cebola;petit-four;;989;Caixa 2 kg;Salgados;
Torreadinha de Parmesão;petit-four;;991;Caixa 2 kg;Salgados;
Disquinho;petit-four;;928;Caixa 2 kg;Salgados;
Rosquinha de Cebola;petit-four;;979;Caixa 1.5 kg;Salgados;
Palito Chocolate;petit-four;;953;Caixa 2 kg;Cobertos de;
Palito Chocolate Branco;petit-four;;954;Caixa 4 kg;Cobertos de;
Vaidosa;petit-four;;994;Caixa 2 kg;Cobertos de;
Ouro Branco;petit-four;;951;Caixa 2 kg;Cobertos de;
Prestígio;petit-four;;969;Caixa 2 kg;Cobertos de;
Moreninha Chocoban;petit-four;;922;Caixa 2 kg;Cobertos de;
Pão de Mel;petit-four;;957;Caixa 2 kg;Cobertos de;
Ouro Preto;petit-four;;952;Caixa 2 kg;Cobertos de;
Pontinha;petit-four;;967;Caixa 2 kg;Cobertos de;
Doce de Leite;petit-four;;930;Caixa 3 kg;Cobertos de;
Doce de Leite com Côco;petit-four;;929;Caixa 3 kg;Cobertos de;
Bananinha Cristalizada;petit-four;;905;Caixa 3 kg;Cobertos de;
Tubetes Creme de Avelã com Cacau Barion;petit-four;;992;Caixa 2 kg;Linha Especial;
Serenata;petit-four;;986;Caixa 2 kg;Linha Especial;
Agnus;petit-four;;900;Caixa 3 kg;Linha Especial;
Nutbon;petit-four;;950;Caixa 2 kg;Linha Especial;
Kishow Pistache;petit-four;;934;Caixa 2 kg;Linha Especial;
Kishow;petit-four;;933;Caixa 2 kg;Linha Especial;
Biscoito Café com Creme de Avelã;petit-four;;971;Caixa 2 kg;Linha Especial;
Rosca Nata Diet;petit-four;;977;Caixa 2 kg;Linha Especial;
Rosca Penha;petit-four;;978;Caixa 1.5 kg;Linha Especial;
Biscoito Avelã Massa Cookies;petit-four;;902;Caixa 2 kg;Linha Especial;
Beliscão Folhado;petit-four;;912;Caixa 2 kg;Linha Especial;
Beliscão Lima da Pérsia;petit-four;;935;Caixa 2 kg;Linha Especial;
Cookies de Aveia com Açucar Mascavo;petit-four;;913;Caixa 2 kg;Linha Especial;
Sembei Biju;petit-four;;985;Caixa 3 kg;Linha Especial;
Sembei Amendoim;petit-four;;981;Caixa 3 kg;Linha Especial;
Sembei Gergelim Preto;petit-four;;984;Caixa 3 kg;Linha Especial;
Sembei Gergelim Branco;petit-four;;982;Caixa 3 kg;Linha Especial;
Sembei Gergelim;petit-four;;983;Caixa 3 kg;Linha Especial;
Cavaca Doce de Leite;petit-four;;919;Caixa 2 kg;Linha Especial;
Cavaca Goiabada;petit-four;;918;Caixa 2 kg;Linha Especial;
Mirin;petit-four;;949;Caixa 3 kg;Linha Especial;
Suspiro;petit-four;;987;Caixa 1 kg;Linha Especial;
Biscoito de Linhaça Limão com Morango;petit-four;;943;Caixa 2 kg;Snacks;
Azeite com Linhaça Integral;petit-four;;937;Caixa 2 kg;Snacks;
Biscoito de Linhaça com Queijo;petit-four;;946;Caixa 2 kg;Snacks;
Biscoito de Azeite com Linhaça e Açafrão;petit-four;;936;Caixa 2 kg;Snacks;
Biscoito de Linhaça com Limão e Ervas Finas;petit-four;;942;Caixa 2 kg;Snacks;
Biscoito de Linha com Alho;petit-four;;945;Caixa 2 kg;Snacks;
Biscoito de Mel com Chocolate;petit-four;;944;Caixa 2 kg;Snacks;
Biscoito de Linhaça com Cebola e Salsa;petit-four;;941;Caixa 2 kg;Snacks;
Biscoito de Linha com Banana Canela e Aveia;petit-four;;939;Caixa 2 kg;Snacks;
Biscoito de Banana com Canela e Chocolate;petit-four;;940;Caixa 2 kg;Snacks;
Biscoito de Cravo com Canela e Chocolate;petit-four;;947;Caixa 2 kg;Snacks;
Cave Cabernet Sauvignon;vinhos;750ml;258;750ml;Vinhos Nacionais;
Cave Cabernet Sauvignon;vinhos;375ml;258;750ml;Vinhos Nacionais;
Cave Merlot;vinhos;750ml;259;750ml;Vinhos Nacionais;
Cave Merlot;vinhos;375ml;259;750ml;Vinhos Nacionais;
Cave Cabernet Franc;vinhos;750ml;260;750ml;Vinhos Nacionais;
Cave Tannat;vinhos;750ml;261;750ml;Vinhos Nacionais;
Cave Equilíbrio;vinhos;750ml;262;750ml;Vinhos Nacionais;
Clássico Moscato;vinhos;750ml;264;750ml;Vinhos Nacionais;
Clássico Rosé;vinhos;750ml;263;750ml;Vinhos Nacionais;
Marqués de Mendonça;vinhos;750ml;;750ml;Vinhos Nacionais;
Marqués de Mendonça;vinhos;375ml;;750ml;Vinhos Nacionais;
Marqués de Mendonça;vinhos;Seco;;750ml;Vinhos Nacionais;
Marqués de Mendonça;vinhos;Suave;;750ml;Vinhos Nacionais;
Lorena Seco;vinhos;750ml;254;750ml;Vinhos Nacionais;
Niágara Seco;vinhos;750ml;252;750ml;Vinhos Nacionais;
Niágara Seco;vinhos;4,5L;252;750ml;Vinhos Nacionais;
Niágara Suave;vinhos;750ml;253;750ml;Vinhos Nacionais;
Niágara Suave;vinhos;4,5L;253;750ml;Vinhos Nacionais;
Rosé Seco;vinhos;750ml;255;750ml;Vinhos Nacionais;
Seco Suave Bordô 1000ml;vinhos;1000ml;200;1000ml;Vinhos Nacionais;
Seco Suave Bordô 1000ml;vinhos;Seco;200;1000ml;Vinhos Nacionais;
Seco Suave Bordô 1000ml;vinhos;Suave;200;1000ml;Vinhos Nacionais;
Seco Suave Bordô 1000ml (cód. 201);vinhos;1000ml;201;1000ml;Vinhos Nacionais;
Seco Suave Bordô 1000ml (cód. 201);vinhos;Seco;201;1000ml;Vinhos Nacionais;
Seco Suave Bordô 1000ml (cód. 201);vinhos;Suave;201;1000ml;Vinhos Nacionais;
Tinto Suave;vinhos;750ml;331;750ml;Vinhos Nacionais;
Tinto Demi Sec;vinhos;750ml;333;750ml;Vinhos Nacionais;
Tinto Seco Galão;vinhos;1,5L;332;1,5L;Vinhos Nacionais;
Tinto Suave Galão;vinhos;1,5L;331;1,5L;Vinhos Nacionais;
Branco Seco Galão;vinhos;1,5L;333;1,5L;Vinhos Nacionais;
Courmayeur Moscatel;vinhos;750ml;;750ml;Vinhos Nacionais;
Courmayeur Espumante Branco BRUT;vinhos;750ml;;750ml;Vinhos Nacionais;
Courmayeur Espumante Branco Rosé;vinhos;750ml;;750ml;Vinhos Nacionais;
Courmayeur Espumante Branco;vinhos;750ml;;750ml;Vinhos Nacionais;
Courmayeur Espumante BRUT Rosé;vinhos;750ml;;750ml;Vinhos Nacionais;
Tevere Moscatel;vinhos;750ml;;750ml;Vinhos Nacionais;
Tevere BRUT;vinhos;750ml;;750ml;Vinhos Nacionais;
Courmayeur Lambrusco;vinhos;660ml;;660ml;Vinhos Nacionais;
Weindorf Frisante Branco Suave;vinhos;660ml;;660ml;Vinhos Nacionais;
Serra Gaúcha Espumante Branco BRUT;vinhos;750ml;;750ml;Vinhos Nacionais;
Serra Gaúcha Moscatel Espumante;vinhos;750ml;;750ml;Vinhos Nacionais;
Serra Gaúcha Zero Álcool;vinhos;750ml;;750ml;Vinhos Nacionais;
Filtrado Del Sole Branco;vinhos;660ml;;660ml;Vinhos Nacionais;
Filtrado Del Sole Rosé;vinhos;660ml;;660ml;Vinhos Nacionais;
Vidigal Wines — código 431;vinhos;;431;Garrafa 750ml;Vinhos Importados;
Vidigal Wines — código 430;vinhos;;430;Garrafa 750ml;Vinhos Importados;
Vidigal Wines — código 435;vinhos;;435;Garrafa 750ml;Vinhos Importados;
Vidigal Wines — código 434;vinhos;;434;Garrafa 750ml;Vinhos Importados;
Vidigal Wines — código 437;vinhos;;437;Garrafa 750ml;Vinhos Importados;
Vidigal Wines — código 433;vinhos;;433;Garrafa 750ml;Vinhos Importados;
Vidigal Wines — código 432;vinhos;;432;Garrafa 750ml;Vinhos Importados;
Vidigal Wines — código 438;vinhos;;438;Garrafa 750ml;Vinhos Importados;
Vidigal Wines — código 436;vinhos;;436;Garrafa 750ml;Vinhos Importados;
Vidigal Wines — código 439;vinhos;;439;Garrafa 750ml;Vinhos Importados;
Vidigal Wines — código 478;vinhos;;478;Garrafa 750ml;Vinhos Importados;
Vidigal Wines — código 477;vinhos;;477;Garrafa 750ml;Vinhos Importados;
Vidigal Wines — código 476;vinhos;;476;Garrafa 750ml;Vinhos Importados;
Vidigal Wines — código 494;vinhos;;494;Garrafa 750ml;Vinhos Importados;
Vidigal Wines — código 495;vinhos;;495;Garrafa 750ml;Vinhos Importados;
Vidigal Wines — código 496;vinhos;;496;Garrafa 750ml;Vinhos Importados;
Vidigal Wines — código 497;vinhos;;497;Garrafa 750ml;Vinhos Importados;
Vidigal Wines — código 482;vinhos;;482;Garrafa 750ml;Vinhos Importados;
Vidigal Wines — código 483;vinhos;;483;Garrafa 750ml;Vinhos Importados;
Vidigal Wines — código 481;vinhos;;481;Garrafa 750ml;Vinhos Importados;
Vidigal Wines — código 484;vinhos;;484;Garrafa 750ml;Vinhos Importados;
Vidigal Wines — código 489;vinhos;;489;Garrafa 750ml;Vinhos Importados;
Vidigal Wines — código 488;vinhos;;488;Garrafa 750ml;Vinhos Importados;
Vidigal Wines — código 492;vinhos;;492;Garrafa 750ml;Vinhos Importados;
Vidigal Wines — código 493;vinhos;;493;Garrafa 750ml;Vinhos Importados;
Vidigal Wines — código 491;vinhos;;491;Garrafa 750ml;Vinhos Importados;
Vidigal Wines — código 466;vinhos;;466;Garrafa 750ml;Vinhos Importados;
Vidigal Wines — código 467;vinhos;;467;Garrafa 750ml;Vinhos Importados;
Vidigal Wines — código 465;vinhos;;465;Garrafa 750ml;Vinhos Importados;
Vidigal Wines — código 451;vinhos;;451;Garrafa 750ml;Vinhos Importados;
Vidigal Wines — código 453;vinhos;;453;Garrafa 750ml;Vinhos Importados;
Vidigal Wines — código 450;vinhos;;450;Garrafa 750ml;Vinhos Importados;
Vidigal Wines — código 455;vinhos;;455;Garrafa 750ml;Vinhos Importados;
Vidigal Wines — código 456;vinhos;;456;Garrafa 750ml;Vinhos Importados;
Vidigal Wines — código 454;vinhos;;454;Garrafa 750ml;Vinhos Importados;
Touriga-nacional;vinhos;;460;Garrafa 750ml;Vinhos Importados;
Vidigal Wines — código 471;vinhos;;471;Garrafa 750ml;Vinhos Importados;
Vidigal Wines — código 472;vinhos;;472;Garrafa 750ml;Vinhos Importados;
Vidigal Wines — código 470;vinhos;;470;Garrafa 750ml;Vinhos Importados;
Vidigal Wines — código 584;vinhos;;584;Garrafa 750ml;Vinhos Importados;
Vidigal Wines — código 585;vinhos;;585;Garrafa 750ml;Vinhos Importados;
Vidigal Wines — código 586;vinhos;;586;Garrafa 750ml;Vinhos Importados;
Vidigal Wines — código 587;vinhos;;587;Garrafa 750ml;Vinhos Importados;
Vidigal Wines — código 588;vinhos;;588;Garrafa 750ml;Vinhos Importados;
Vidigal Wines — código 589;vinhos;;589;Garrafa 750ml;Vinhos Importados;
Pesca da Branco, DOC Verde;vinhos;;575;Garrafa 750ml;Vinhos Importados;
Pesca da Rose, DOC Verde;vinhos;;576;Garrafa 750ml;Vinhos Importados;
Cabriz. Dão. Colheita Selecionada;vinhos;;500;Garrafa 750ml;Vinhos Importados;
Cabriz. Dão. Colheita Selecionada (cód. 503);vinhos;;503;Garrafa 750ml;Vinhos Importados;
Cabriz. Dão. Colheita Selecionada (cód. 505);vinhos;;505;Garrafa 375ml;Vinhos Importados;
Cabriz Docdao. Touriga Nacional;vinhos;;506;Garrafa 750ml;Vinhos Importados;
Global Wines — código 526;vinhos;;526;Garrafa 750ml;Vinhos Importados;
Global Wines — código 527;vinhos;;527;Garrafa 750ml;Vinhos Importados;
Global Wines — código 528;vinhos;;528;Garrafa 750ml;Vinhos Importados;
Global Wines — código 525;vinhos;;525;Garrafa 750ml;Vinhos Importados;
Global Wines — código 522;vinhos;;522;Garrafa 750ml;Vinhos Importados;
Global Wines — código 523;vinhos;;523;Garrafa 750ml;Vinhos Importados;
Global Wines — código 524;vinhos;;524;Garrafa 750ml;Vinhos Importados;
Global Wines — código 521;vinhos;;521;Garrafa 750ml;Vinhos Importados;
Lavache Espagnole. Branco;vinhos;;531;Garrafa 750ml;Vinhos Importados;
La Vache Espagnole. Tinto;vinhos;;530;Garrafa 750ml;Vinhos Importados;
Extremadura Esencia Wines — código 539;vinhos;;539;Garrafa 750ml;Vinhos Importados;
Extremadura Esencia Wines — código 540;vinhos;;540;Garrafa 750ml;Vinhos Importados;
Extremadura Esencia Wines — código 541;vinhos;;541;Garrafa 750ml;Vinhos Importados;
Extremadura Esencia Wines — código 542;vinhos;;542;Garrafa 750ml;Vinhos Importados;
Tango. Malbec;vinhos;;548;Garrafa 750ml;Vinhos Importados;
Tango. Selection. Malbec;vinhos;;549;Garrafa 750ml;Vinhos Importados;
Tango. Premium. Malbec;vinhos;;550;Garrafa 750ml;Vinhos Importados;
Bodega Rpb — código 547;vinhos;;547;Garrafa 750ml;Vinhos Importados;
Bodega Rpb — código 546;vinhos;;546;Garrafa 750ml;Vinhos Importados;
Relatos de Valpa. Carménere;vinhos;;421;Garrafa 750ml;Vinhos Importados;
Relatos de Valpa. Cabernet Sauvignon;vinhos;;420;Garrafa 750ml;Vinhos Importados;
Relatos de Valpa. Light Edition Red Wine;vinhos;;422;Garrafa 750ml;Vinhos Importados;
Relatos de Valpa. Chardonnay;vinhos;;424;Garrafa 187ml;Vinhos Importados;
Relatos de Valpa. Cabernet Sauvignon (cód. 423);vinhos;;423;Garrafa 187ml;Vinhos Importados;
Global Wines — código 402;vinhos;;402;Garrafa 750ml;Vinhos Importados;
Global Wines — código 403;vinhos;;403;Garrafa 750ml;Vinhos Importados;
Global Wines — código 404;vinhos;;404;Garrafa 750ml;Vinhos Importados;
Global Wines — código 401;vinhos;;401;Garrafa 750ml;Vinhos Importados;
Bodega Cono Sur — código 560;vinhos;;560;Garrafa 750ml;Vinhos Importados;
Bodega Cono Sur — código 561;vinhos;;561;Garrafa 750ml;Vinhos Importados;
Bodega Cono Sur — código 562;vinhos;;562;Garrafa 750ml;Vinhos Importados;
Bodega Cono Sur — código 563;vinhos;;563;Garrafa 750ml;Vinhos Importados;
Bodega Cono Sur — código 571;vinhos;;571;Garrafa 750ml;Vinhos Importados;
Bodega Cono Sur — código 570;vinhos;;570;Garrafa 750ml;Vinhos Importados;
Bodega Cono Sur — código 573;vinhos;;573;Garrafa 750ml;Vinhos Importados;
Bodega Cono Sur — código 572;vinhos;;572;Garrafa 750ml;Vinhos Importados;
Stormhoek. Pinotage;vinhos;;602;Garrafa 750ml;Vinhos Importados;
Stormhoek. Pinotage (cód. 601);vinhos;;601;Garrafa 750ml;Vinhos Importados;
Stormhoek. Pinot Grigio;vinhos;;600;Garrafa 750ml;Vinhos Importados;
Stormhoek. Pinotage (cód. 603);vinhos;;603;Garrafa 750ml;Vinhos Importados;
Stormhoek. Pinotage Malbec;vinhos;;604;Garrafa 750ml;Vinhos Importados;
Stormhoek. Syrah;vinhos;;606;Garrafa 750ml;Vinhos Importados;
Stormhoek. Sauvignon Blanc;vinhos;;605;Garrafa 750ml;Vinhos Importados;
Suco Integral Uva Tinto;sucos;;;Garrafa 1L e 300ml;Uva Tinto;
Suco Integral Uva Branco;sucos;;;Garrafa 1L e 300ml;Uva Branco;
Suco Integral Tangerina;sucos;;;Garrafa 1L e 300ml;Tangerina;
Suco Integral Maçã;sucos;;;Garrafa 1L e 300ml;Maçã;
Suco Integral Pink Lemonade;sucos;;;Garrafa 1L e 300ml;Pink Lemonade;
Suco Integral Goiaba;sucos;;;Garrafa 1L e 300ml;Goiaba;
Suco Integral Laranja;sucos;;;Garrafa 1L e 300ml;Laranja;
Suco Integral Tomate Condimentado;sucos;;;Garrafa 1L e 300ml;Tomate Condimentado;
Vô Gentil;cafes;;;Pacote 250 g;Cafés Especiais;
Café da Rosi;cafes;;;Pacote 250 g;Cafés Especiais;
Café do Irmão;cafes;;;Pacote 250 g;Cafés Especiais;
Café da Mi;cafes;;;Pacote 250 g;Cafés Especiais;
Café da Lini;cafes;;;Pacote 250 g;Cafés Especiais;
Café da Cheli;cafes;;;Pacote 250 g;Cafés Especiais;
